Model,RMSE,Time
Manual,0.8927754854707606,15.13164472579956
Grid Search,0.9073194176910389,53.125977516174316
PSO-MF,0.8577262875688056,965.73881316185
WOA-MF,0.8843070457762853,974.0588643550873
